{"_step":0,"grn_reg":0,"epoch":1,"val_loss":0.000940399719104135,"_runtime":63,"_wandb":{"runtime":63},"loss":0.004628528410103172,"_timestamp":1.776620935086331e+09,"flow_loss":0.004628528410103172}